Daily commit triggered at Mon Oct 27 14:29:37 UTC 2025
Daily commit triggered at Tue Oct 28 03:15:04 UTC 2025
Daily commit triggered at Wed Oct 29 03:21:37 UTC 2025
Daily commit triggered at Thu Oct 30 03:17:06 UTC 2025
Daily commit triggered at Fri Oct 31 03:17:56 UTC 2025
Daily commit triggered at Sat Nov  1 03:17:16 UTC 2025
Daily commit triggered at Sun Nov  2 03:21:09 UTC 2025
Daily commit triggered at Mon Nov  3 03:32:23 UTC 2025
Daily commit triggered at Tue Nov  4 03:17:01 UTC 2025
Daily commit triggered at Wed Nov  5 03:17:51 UTC 2025
Daily commit triggered at Thu Nov  6 03:20:29 UTC 2025
Daily commit triggered at Fri Nov  7 03:17:40 UTC 2025
